{"loss": 0.5072499513626099, "accuracy": 0.8706896305084229}