{"loss": 0.43341487646102905, "accuracy": 0.9051724076271057}